<?xml version="1.0" encoding="UTF-8"?>
<!-- Created by libAntimony version v2.15.0 with libSBML version 5.20.0. -->
<sbml xmlns="http://www.sbml.org/sbml/level3/version2/core" level="3" version="2">
  <model metaid="branched_network" id="branched_network">
    <listOfCompartments>
      <compartment sboTerm="SBO:0000410" id="default_compartment" spatialDimensions="3" size="1" constant="true"/>
    </listOfCompartments>
    <listOfSpecies>
      <species id="A" compartment="default_compartment" initialConcentration="8" hasOnlySubstanceUnits="false" boundaryCondition="false" constant="false"/>
      <species id="B" compartment="default_compartment" initialConcentration="0" hasOnlySubstanceUnits="false" boundaryCondition="false" constant="false"/>
      <species id="C" compartment="default_compartment" initialConcentration="0" hasOnlySubstanceUnits="false" boundaryCondition="false" constant="false"/>
      <species id="D" compartment="default_compartment" initialConcentration="0" hasOnlySubstanceUnits="false" boundaryCondition="false" constant="false"/>
      <species id="E" compartment="default_compartment" initialConcentration="0" hasOnlySubstanceUnits="false" boundaryCondition="false" constant="false"/>
      <species id="F" compartment="default_compartment" initialConcentration="0" hasOnlySubstanceUnits="false" boundaryCondition="false" constant="false"/>
    </listOfSpecies>
    <listOfParameters>
      <parameter id="k1" value="0.4" constant="true"/>
      <parameter id="k2" value="0.3" constant="true"/>
      <parameter id="kf1" value="0.25" constant="true"/>
      <parameter id="kr1" value="0.15" constant="true"/>
      <parameter id="Vmax" value="1.8" constant="true"/>
      <parameter id="Km" value="0.9" constant="true"/>
      <parameter id="kf2" value="0.1" constant="true"/>
      <parameter id="kr2" value="0.05" constant="true"/>
    </listOfParameters>
    <listOfReactions>
      <reaction id="J0" reversible="false">
        <listOfReactants>
          <speciesReference species="A" stoichiometry="1" constant="true"/>
        </listOfReactants>
        <listOfProducts>
          <speciesReference species="B" stoichiometry="1" constant="true"/>
        </listOfProducts>
        <kineticLaw>
          <math xmlns="http://www.w3.org/1998/Math/MathML">
            <apply>
              <times/>
              <ci> k1 </ci>
              <ci> A </ci>
            </apply>
          </math>
        </kineticLaw>
      </reaction>
      <reaction id="J1" reversible="false">
        <listOfReactants>
          <speciesReference species="B" stoichiometry="1" constant="true"/>
        </listOfReactants>
        <listOfProducts>
          <speciesReference species="C" stoichiometry="1" constant="true"/>
          <speciesReference species="D" stoichiometry="1" constant="true"/>
        </listOfProducts>
        <kineticLaw>
          <math xmlns="http://www.w3.org/1998/Math/MathML">
            <apply>
              <times/>
              <ci> k2 </ci>
              <ci> B </ci>
            </apply>
          </math>
        </kineticLaw>
      </reaction>
      <reaction id="J2" reversible="true">
        <listOfReactants>
          <speciesReference species="C" stoichiometry="1" constant="true"/>
          <speciesReference species="D" stoichiometry="1" constant="true"/>
        </listOfReactants>
        <listOfProducts>
          <speciesReference species="E" stoichiometry="1" constant="true"/>
        </listOfProducts>
        <kineticLaw>
          <math xmlns="http://www.w3.org/1998/Math/MathML">
            <apply>
              <minus/>
              <apply>
                <times/>
                <ci> kf1 </ci>
                <ci> C </ci>
                <ci> D </ci>
              </apply>
              <apply>
                <times/>
                <ci> kr1 </ci>
                <ci> E </ci>
              </apply>
            </apply>
          </math>
        </kineticLaw>
      </reaction>
      <reaction id="J3" reversible="false">
        <listOfReactants>
          <speciesReference species="D" stoichiometry="1" constant="true"/>
        </listOfReactants>
        <listOfProducts>
          <speciesReference species="F" stoichiometry="1" constant="true"/>
        </listOfProducts>
        <kineticLaw>
          <math xmlns="http://www.w3.org/1998/Math/MathML">
            <apply>
              <divide/>
              <apply>
                <times/>
                <ci> Vmax </ci>
                <ci> D </ci>
              </apply>
              <apply>
                <plus/>
                <ci> Km </ci>
                <ci> D </ci>
              </apply>
            </apply>
          </math>
        </kineticLaw>
      </reaction>
      <reaction id="J4" reversible="true">
        <listOfReactants>
          <speciesReference species="E" stoichiometry="1" constant="true"/>
          <speciesReference species="F" stoichiometry="1" constant="true"/>
        </listOfReactants>
        <listOfProducts>
          <speciesReference species="A" stoichiometry="1" constant="true"/>
        </listOfProducts>
        <kineticLaw>
          <math xmlns="http://www.w3.org/1998/Math/MathML">
            <apply>
              <minus/>
              <apply>
                <times/>
                <ci> kf2 </ci>
                <ci> E </ci>
                <ci> F </ci>
              </apply>
              <apply>
                <times/>
                <ci> kr2 </ci>
                <ci> A </ci>
              </apply>
            </apply>
          </math>
        </kineticLaw>
      </reaction>
    </listOfReactions>
  </model>
</sbml>
