<?xml version="1.0" encoding="UTF-8"?>
<!-- Created by libAntimony version v2.15.0 with libSBML version 5.20.0. -->
<sbml xmlns="http://www.sbml.org/sbml/level3/version2/core" level="3" version="2">
  <model metaid="michaelis_menten_mmcat" id="michaelis_menten_mmcat">
    <listOfCompartments>
      <compartment sboTerm="SBO:0000410" id="default_compartment" spatialDimensions="3" size="1" constant="true"/>
    </listOfCompartments>
    <listOfSpecies>
      <species id="S" compartment="default_compartment" initialConcentration="1" hasOnlySubstanceUnits="false" boundaryCondition="false" constant="false"/>
      <species id="P" compartment="default_compartment" initialConcentration="0" hasOnlySubstanceUnits="false" boundaryCondition="false" constant="false"/>
    </listOfSpecies>
    <listOfParameters>
      <parameter id="V" value="1" constant="true"/>
      <parameter id="E" value="0.5" constant="true"/>
      <parameter id="K" value="0.5" constant="true"/>
    </listOfParameters>
    <listOfReactions>
      <reaction id="J0" reversible="true">
        <listOfReactants>
          <speciesReference species="S" stoichiometry="1" constant="true"/>
        </listOfReactants>
        <listOfProducts>
          <speciesReference species="P" stoichiometry="1" constant="true"/>
        </listOfProducts>
        <kineticLaw>
          <math xmlns="http://www.w3.org/1998/Math/MathML">
            <apply>
              <divide/>
              <apply>
                <times/>
                <ci> V </ci>
                <ci> E </ci>
                <ci> S </ci>
              </apply>
              <apply>
                <plus/>
                <ci> K </ci>
                <ci> S </ci>
              </apply>
            </apply>
          </math>
        </kineticLaw>
      </reaction>
    </listOfReactions>
  </model>
</sbml>
