<?xml version="1.0" encoding="UTF-8"?>
<!-- Created by libAntimony version v2.15.0 with libSBML version 5.20.0. -->
<sbml xmlns="http://www.sbml.org/sbml/level3/version2/core" level="3" version="2">
  <model metaid="metabolic_cycle" id="metabolic_cycle">
    <listOfCompartments>
      <compartment sboTerm="SBO:0000410" id="default_compartment" spatialDimensions="3" size="1" constant="true"/>
    </listOfCompartments>
    <listOfSpecies>
      <species id="S1" compartment="default_compartment" initialConcentration="4" hasOnlySubstanceUnits="false" boundaryCondition="false" constant="false"/>
      <species id="S2" compartment="default_compartment" initialConcentration="3" hasOnlySubstanceUnits="false" boundaryCondition="false" constant="false"/>
      <species id="S3" compartment="default_compartment" initialConcentration="0" hasOnlySubstanceUnits="false" boundaryCondition="false" constant="false"/>
      <species id="S4" compartment="default_compartment" initialConcentration="0" hasOnlySubstanceUnits="false" boundaryCondition="false" constant="false"/>
      <species id="S5" compartment="default_compartment" initialConcentration="0" hasOnlySubstanceUnits="false" boundaryCondition="false" constant="false"/>
      <species id="E1" compartment="default_compartment" initialConcentration="1.5" hasOnlySubstanceUnits="false" boundaryCondition="false" constant="false"/>
      <species id="E2" compartment="default_compartment" initialConcentration="0.8" hasOnlySubstanceUnits="false" boundaryCondition="false" constant="false"/>
    </listOfSpecies>
    <listOfParameters>
      <parameter id="k1" value="0.3" constant="true"/>
      <parameter id="Vmax1" value="2.2" constant="true"/>
      <parameter id="Km1" value="0.8" constant="true"/>
      <parameter id="Vf" value="1.6" constant="true"/>
      <parameter id="Vr" value="1" constant="true"/>
      <parameter id="Kf" value="0.7" constant="true"/>
      <parameter id="Kr" value="0.5" constant="true"/>
      <parameter id="k2" value="0.4" constant="true"/>
      <parameter id="kf" value="0.35" constant="true"/>
      <parameter id="kr" value="0.2" constant="true"/>
    </listOfParameters>
    <listOfReactions>
      <reaction id="J0" reversible="false">
        <listOfReactants>
          <speciesReference species="S1" stoichiometry="1" constant="true"/>
          <speciesReference species="S2" stoichiometry="1" constant="true"/>
        </listOfReactants>
        <listOfProducts>
          <speciesReference species="S3" stoichiometry="1" constant="true"/>
        </listOfProducts>
        <kineticLaw>
          <math xmlns="http://www.w3.org/1998/Math/MathML">
            <apply>
              <times/>
              <ci> k1 </ci>
              <ci> S1 </ci>
              <ci> S2 </ci>
            </apply>
          </math>
        </kineticLaw>
      </reaction>
      <reaction id="J1" reversible="false">
        <listOfReactants>
          <speciesReference species="S3" stoichiometry="1" constant="true"/>
        </listOfReactants>
        <listOfProducts>
          <speciesReference species="S4" stoichiometry="1" constant="true"/>
        </listOfProducts>
        <listOfModifiers>
          <modifierSpeciesReference species="E1"/>
        </listOfModifiers>
        <kineticLaw>
          <math xmlns="http://www.w3.org/1998/Math/MathML">
            <apply>
              <divide/>
              <apply>
                <times/>
                <ci> E1 </ci>
                <ci> Vmax1 </ci>
                <ci> S3 </ci>
              </apply>
              <apply>
                <plus/>
                <ci> Km1 </ci>
                <ci> S3 </ci>
              </apply>
            </apply>
          </math>
        </kineticLaw>
      </reaction>
      <reaction id="J2" reversible="true">
        <listOfReactants>
          <speciesReference species="S4" stoichiometry="1" constant="true"/>
        </listOfReactants>
        <listOfProducts>
          <speciesReference species="S5" stoichiometry="1" constant="true"/>
        </listOfProducts>
        <kineticLaw>
          <math xmlns="http://www.w3.org/1998/Math/MathML">
            <apply>
              <divide/>
              <apply>
                <minus/>
                <apply>
                  <times/>
                  <ci> Vf </ci>
                  <ci> S4 </ci>
                </apply>
                <apply>
                  <times/>
                  <ci> Vr </ci>
                  <ci> S5 </ci>
                </apply>
              </apply>
              <apply>
                <plus/>
                <cn type="integer"> 1 </cn>
                <apply>
                  <divide/>
                  <ci> S4 </ci>
                  <ci> Kf </ci>
                </apply>
                <apply>
                  <divide/>
                  <ci> S5 </ci>
                  <ci> Kr </ci>
                </apply>
              </apply>
            </apply>
          </math>
        </kineticLaw>
      </reaction>
      <reaction id="J3" reversible="false">
        <listOfReactants>
          <speciesReference species="S5" stoichiometry="1" constant="true"/>
          <speciesReference species="E2" stoichiometry="1" constant="true"/>
        </listOfReactants>
        <listOfProducts>
          <speciesReference species="S1" stoichiometry="1" constant="true"/>
          <speciesReference species="S2" stoichiometry="1" constant="true"/>
        </listOfProducts>
        <kineticLaw>
          <math xmlns="http://www.w3.org/1998/Math/MathML">
            <apply>
              <times/>
              <ci> k2 </ci>
              <ci> S5 </ci>
              <ci> E2 </ci>
            </apply>
          </math>
        </kineticLaw>
      </reaction>
      <reaction id="J4" reversible="true">
        <listOfReactants>
          <speciesReference species="S2" stoichiometry="1" constant="true"/>
        </listOfReactants>
        <listOfProducts>
          <speciesReference species="S1" stoichiometry="1" constant="true"/>
        </listOfProducts>
        <kineticLaw>
          <math xmlns="http://www.w3.org/1998/Math/MathML">
            <apply>
              <minus/>
              <apply>
                <times/>
                <ci> kf </ci>
                <ci> S2 </ci>
              </apply>
              <apply>
                <times/>
                <ci> kr </ci>
                <ci> S1 </ci>
              </apply>
            </apply>
          </math>
        </kineticLaw>
      </reaction>
    </listOfReactions>
  </model>
</sbml>
