<?xml version="1.0" encoding="UTF-8"?>
<!-- Created by libAntimony version v2.15.0 with libSBML version 5.20.0. -->
<sbml xmlns="http://www.sbml.org/sbml/level3/version2/core" level="3" version="2">
  <model metaid="bidirectional_bidr21" id="bidirectional_bidr21">
    <listOfCompartments>
      <compartment sboTerm="SBO:0000410" id="default_compartment" spatialDimensions="3" size="1" constant="true"/>
    </listOfCompartments>
    <listOfSpecies>
      <species id="A" compartment="default_compartment" initialConcentration="1" hasOnlySubstanceUnits="false" boundaryCondition="false" constant="false"/>
      <species id="B" compartment="default_compartment" initialConcentration="1" hasOnlySubstanceUnits="false" boundaryCondition="false" constant="false"/>
      <species id="C" compartment="default_compartment" initialConcentration="0" hasOnlySubstanceUnits="false" boundaryCondition="false" constant="false"/>
    </listOfSpecies>
    <listOfParameters>
      <parameter id="kf" value="0.1" constant="true"/>
      <parameter id="kr" value="0.05" constant="true"/>
    </listOfParameters>
    <listOfReactions>
      <reaction id="J0" reversible="true">
        <listOfReactants>
          <speciesReference species="A" stoichiometry="1" constant="true"/>
          <speciesReference species="B" stoichiometry="1" constant="true"/>
        </listOfReactants>
        <listOfProducts>
          <speciesReference species="C" stoichiometry="1" constant="true"/>
        </listOfProducts>
        <kineticLaw>
          <math xmlns="http://www.w3.org/1998/Math/MathML">
            <apply>
              <minus/>
              <apply>
                <times/>
                <ci> kf </ci>
                <ci> A </ci>
                <ci> B </ci>
              </apply>
              <apply>
                <times/>
                <ci> kr </ci>
                <ci> C </ci>
              </apply>
            </apply>
          </math>
        </kineticLaw>
      </reaction>
    </listOfReactions>
  </model>
</sbml>
