<?xml version="1.0" encoding="UTF-8"?>
<!-- Created by libAntimony version v2.15.0 with libSBML version 5.20.0. -->
<sbml xmlns="http://www.sbml.org/sbml/level3/version2/core" level="3" version="2">
  <model metaid="reversible_mm_rmmcat" id="reversible_mm_rmmcat">
    <listOfCompartments>
      <compartment sboTerm="SBO:0000410" id="default_compartment" spatialDimensions="3" size="1" constant="true"/>
      <compartment id="comp1" spatialDimensions="3" size="1" constant="true"/>
    </listOfCompartments>
    <listOfSpecies>
      <species id="e" compartment="default_compartment" initialConcentration="1" hasOnlySubstanceUnits="false" boundaryCondition="false" constant="false"/>
      <species id="a" compartment="default_compartment" initialConcentration="1" hasOnlySubstanceUnits="false" boundaryCondition="false" constant="false"/>
      <species id="b" compartment="default_compartment" initialConcentration="1" hasOnlySubstanceUnits="false" boundaryCondition="false" constant="false"/>
      <species id="c" compartment="default_compartment" initialConcentration="1" hasOnlySubstanceUnits="false" boundaryCondition="false" constant="false"/>
      <species id="d" compartment="default_compartment" initialConcentration="1" hasOnlySubstanceUnits="false" boundaryCondition="false" constant="false"/>
    </listOfSpecies>
    <listOfParameters>
      <parameter id="Vmax" value="1" constant="true"/>
      <parameter id="Km1" value="1" constant="true"/>
      <parameter id="Km2" value="1" constant="true"/>
      <parameter id="Vmax1" value="1" constant="true"/>
      <parameter id="Vmax2" value="1" constant="true"/>
    </listOfParameters>
    <listOfReactions>
      <reaction id="_J0" reversible="true">
        <listOfReactants>
          <speciesReference species="a" stoichiometry="1" constant="true"/>
        </listOfReactants>
        <listOfProducts>
          <speciesReference species="b" stoichiometry="1" constant="true"/>
        </listOfProducts>
        <listOfModifiers>
          <modifierSpeciesReference species="e"/>
        </listOfModifiers>
        <kineticLaw>
          <math xmlns="http://www.w3.org/1998/Math/MathML">
            <apply>
              <divide/>
              <apply>
                <times/>
                <ci> comp1 </ci>
                <ci> e </ci>
                <apply>
                  <minus/>
                  <apply>
                    <divide/>
                    <apply>
                      <times/>
                      <ci> Vmax </ci>
                      <ci> a </ci>
                    </apply>
                    <ci> Km1 </ci>
                  </apply>
                  <apply>
                    <divide/>
                    <apply>
                      <times/>
                      <ci> Vmax </ci>
                      <ci> b </ci>
                    </apply>
                    <ci> Km2 </ci>
                  </apply>
                </apply>
              </apply>
              <apply>
                <plus/>
                <apply>
                  <times/>
                  <apply>
                    <plus/>
                    <apply>
                      <divide/>
                      <ci> b </ci>
                      <ci> Km2 </ci>
                    </apply>
                    <apply>
                      <divide/>
                      <ci> a </ci>
                      <ci> Km1 </ci>
                    </apply>
                  </apply>
                  <apply>
                    <plus/>
                    <ci> Km1 </ci>
                    <ci> e </ci>
                  </apply>
                </apply>
                <cn type="integer"> 1 </cn>
              </apply>
            </apply>
          </math>
        </kineticLaw>
      </reaction>
    </listOfReactions>
  </model>
</sbml>
