<?xml version="1.0" encoding="UTF-8"?>
<!-- Created by libAntimony version v2.15.0 with libSBML version 5.20.0. -->
<sbml xmlns="http://www.sbml.org/sbml/level3/version2/core" level="3" version="2">
  <model metaid="reversible_mm_rmm" id="reversible_mm_rmm">
    <listOfCompartments>
      <compartment sboTerm="SBO:0000410" id="default_compartment" spatialDimensions="3" size="1" constant="true"/>
    </listOfCompartments>
    <listOfSpecies>
      <species id="S" compartment="default_compartment" initialConcentration="1" hasOnlySubstanceUnits="false" boundaryCondition="false" constant="false"/>
      <species id="P" compartment="default_compartment" initialConcentration="0" hasOnlySubstanceUnits="false" boundaryCondition="false" constant="false"/>
    </listOfSpecies>
    <listOfParameters>
      <parameter id="Vf" value="1" constant="true"/>
      <parameter id="Kf" value="0.5" constant="true"/>
      <parameter id="Keq" value="2" constant="true"/>
      <parameter id="Kr" value="0.5" constant="true"/>
    </listOfParameters>
    <listOfReactions>
      <reaction id="J0" reversible="true">
        <listOfReactants>
          <speciesReference species="S" stoichiometry="1" constant="true"/>
        </listOfReactants>
        <listOfProducts>
          <speciesReference species="P" stoichiometry="1" constant="true"/>
        </listOfProducts>
        <kineticLaw>
          <math xmlns="http://www.w3.org/1998/Math/MathML">
            <apply>
              <divide/>
              <apply>
                <times/>
                <apply>
                  <divide/>
                  <ci> Vf </ci>
                  <ci> Kf </ci>
                </apply>
                <apply>
                  <minus/>
                  <ci> S </ci>
                  <apply>
                    <divide/>
                    <ci> P </ci>
                    <ci> Keq </ci>
                  </apply>
                </apply>
              </apply>
              <apply>
                <plus/>
                <apply>
                  <divide/>
                  <ci> S </ci>
                  <ci> Kf </ci>
                </apply>
                <apply>
                  <divide/>
                  <ci> P </ci>
                  <ci> Kr </ci>
                </apply>
                <cn type="integer"> 1 </cn>
              </apply>
            </apply>
          </math>
        </kineticLaw>
      </reaction>
    </listOfReactions>
  </model>
</sbml>
